,video_names,mos,width,height
0,8536919744.mp4,1.22,960,540
1,6408325533.mp4,1.26,960,540
2,5319047612.mp4,1.3469,960,540
3,8724380666.mp4,1.4,960,540
4,4744073127.mp4,1.42,960,540
5,8483400755.mp4,1.46,960,540
6,10925288616.mp4,1.46,960,540
7,6807638360.mp4,1.46,960,540
8,6028497716.mp4,1.48,960,540
9,9369433766.mp4,1.52,960,540
10,6184163826.mp4,1.52,960,540
11,3471567822.mp4,1.52,960,540
12,9445782126.mp4,1.52,960,540
13,4265470174.mp4,1.56,960,540
14,7074513729.mp4,1.56,960,540
15,5570426341.mp4,1.56,960,540
16,3887621073.mp4,1.58,960,540
17,5927908371.mp4,1.6,960,540
18,6079875162.mp4,1.6,960,540
19,10672253555.mp4,1.6148,960,540
20,6985991227.mp4,1.62,960,540
21,4472730048.mp4,1.6224,960,540
22,10132105415.mp4,1.64,960,540
23,4970624827.mp4,1.66,960,540
24,8222762296.mp4,1.66,960,540
25,4177089041.mp4,1.66,960,540
26,8643336872.mp4,1.68,960,540
27,7558781186.mp4,1.68,960,540
28,6223028206.mp4,1.68,960,540
29,6238991743.mp4,1.68,960,540
30,4627984833.mp4,1.7,960,540
31,10178280003.mp4,1.7,960,540
32,10650618913.mp4,1.7,960,540
33,5993312864.mp4,1.72,960,540
34,5542380796.mp4,1.72,960,540
35,6369679907.mp4,1.72,960,540
36,4204485800.mp4,1.7297,960,540
37,4834450895.mp4,1.74,960,540
38,5475555707.mp4,1.74,960,540
39,5266893553.mp4,1.74,960,540
40,11635304003.mp4,1.74,960,540
41,7863416600.mp4,1.78,960,540
42,6792979288.mp4,1.78,960,540
43,7978973307.mp4,1.78,960,540
44,6497033987.mp4,1.8,960,540
45,12567402335.mp4,1.8,960,540
46,6268574586.mp4,1.8,960,540
47,6275674780.mp4,1.82,960,540
48,6323632937.mp4,1.82,960,540
49,9058636581.mp4,1.82,960,540
50,10694139655.mp4,1.82,960,540
51,4321531777.mp4,1.82,960,540
52,4905336825.mp4,1.8281,960,540
53,5043852749.mp4,1.84,960,540
54,8625682550.mp4,1.84,960,540
55,5150451769.mp4,1.84,960,540
56,5048882871.mp4,1.84,960,540
57,4879585643.mp4,1.84,960,540
58,6268902756.mp4,1.8431,960,540
59,5935222726.mp4,1.86,960,540
60,5962679589.mp4,1.86,960,540
61,3770747002.mp4,1.86,960,540
62,7848940332.mp4,1.86,960,540
63,11095294653.mp4,1.86,960,540
64,6783810490.mp4,1.88,960,540
65,10417424703.mp4,1.88,960,540
66,7983363078.mp4,1.9,960,540
67,6661657005.mp4,1.9,960,540
68,8017059368.mp4,1.9072,960,540
69,7495449440.mp4,1.92,960,540
70,5504464599.mp4,1.94,960,540
71,6131895268.mp4,1.94,960,540
72,9814654176.mp4,1.94,960,540
73,11688667226.mp4,1.94,960,540
74,4933934170.mp4,1.96,960,540
75,4677538291.mp4,1.96,960,540
76,6299595444.mp4,1.96,960,540
77,4991520511.mp4,1.98,960,540
78,4823416929.mp4,1.98,960,540
79,9047671138.mp4,1.98,960,540
80,8257892715.mp4,1.98,960,540
81,7087189849.mp4,1.98,960,540
82,8339870239.mp4,1.9921,960,540
83,6008700446.mp4,2.0,960,540
84,8592011515.mp4,2.0,960,540
85,4907486229.mp4,2.0,960,540
86,6749780445.mp4,2.02,960,540
87,7545358086.mp4,2.02,960,540
88,8527434285.mp4,2.02,960,540
89,8110008288.mp4,2.02,960,540
90,8663100289.mp4,2.0349,960,540
91,6120978816.mp4,2.04,960,540
92,5460445525.mp4,2.04,960,540
93,8582023917.mp4,2.04,960,540
94,5506184490.mp4,2.04,960,540
95,5956265529.mp4,2.04,960,540
96,4639129836.mp4,2.06,960,540
97,9427595515.mp4,2.06,960,540
98,4959664675.mp4,2.06,960,540
99,7171297739.mp4,2.06,960,540
100,10716218856.mp4,2.06,960,540
101,7123683275.mp4,2.06,960,540
102,8195899669.mp4,2.06,960,540
103,6212970517.mp4,2.06,960,540
104,5733977738.mp4,2.06,960,540
105,4775312025.mp4,2.08,960,540
106,3496871384.mp4,2.08,960,540
107,9765162404.mp4,2.08,960,540
108,5625415555.mp4,2.08,960,540
109,7651248048.mp4,2.08,960,540
110,9618443862.mp4,2.08,960,540
111,8336226077.mp4,2.08,960,540
112,8372557828.mp4,2.08,960,540
113,8554748075.mp4,2.0891,960,540
114,9000209228.mp4,2.1,960,540
115,8477990214.mp4,2.1,960,540
116,9564154386.mp4,2.1,960,540
117,10625504535.mp4,2.1,960,540
118,8144762018.mp4,2.1,960,540
119,7917797604.mp4,2.1057,960,540
120,5134310379.mp4,2.12,960,540
121,8069024908.mp4,2.12,960,540
122,9136867624.mp4,2.12,960,540
123,6149591212.mp4,2.14,960,540
124,6346026937.mp4,2.14,960,540
125,5078125268.mp4,2.14,960,540
126,8587927758.mp4,2.14,960,540
127,5115335471.mp4,2.16,960,540
128,12461764004.mp4,2.16,960,540
129,11907021903.mp4,2.16,960,540
130,4820762619.mp4,2.16,960,540
131,11061444876.mp4,2.16,960,540
132,5819852885.mp4,2.16,960,540
133,8324243833.mp4,2.16,960,540
134,8685321568.mp4,2.18,960,540
135,10102107193.mp4,2.18,960,540
136,8278672659.mp4,2.18,960,540
137,7962972726.mp4,2.18,960,540
138,5044148124.mp4,2.18,960,540
139,5460258278.mp4,2.18,960,540
140,4914377539.mp4,2.2,960,540
141,5031142078.mp4,2.2,960,540
142,6370967061.mp4,2.2,960,540
143,4866613201.mp4,2.2,960,540
144,6173852301.mp4,2.2,960,540
145,8731159058.mp4,2.2,960,540
146,10716551125.mp4,2.22,960,540
147,9455400456.mp4,2.22,960,540
148,6123040072.mp4,2.22,960,540
149,8320880668.mp4,2.22,960,540
150,5433352304.mp4,2.22,960,540
151,8433382995.mp4,2.22,960,540
152,9189459433.mp4,2.22,960,540
153,5553355582.mp4,2.22,960,540
154,5453773681.mp4,2.24,960,540
155,5045897151.mp4,2.24,960,540
156,7548305462.mp4,2.24,960,540
157,6059351914.mp4,2.24,960,540
158,3374751086.mp4,2.24,960,540
159,5806274886.mp4,2.24,960,540
160,4915461487.mp4,2.24,960,540
161,5208145791.mp4,2.24,960,540
162,5310216885.mp4,2.24,960,540
163,4005506137.mp4,2.24,960,540
164,6740483069.mp4,2.2422,960,540
165,6629527951.mp4,2.255,960,540
166,8729280042.mp4,2.26,960,540
167,9256674744.mp4,2.26,960,540
168,11237101334.mp4,2.26,960,540
169,5636101558.mp4,2.26,960,540
170,4206970561.mp4,2.26,960,540
171,9234105504.mp4,2.26,960,540
172,5134417428.mp4,2.26,960,540
173,4966446054.mp4,2.26,960,540
174,5093919014.mp4,2.26,960,540
175,3934294391.mp4,2.26,960,540
176,5419510404.mp4,2.26,960,540
177,8251526312.mp4,2.28,960,540
178,4735334918.mp4,2.28,960,540
179,5014400375.mp4,2.28,960,540
180,8479579728.mp4,2.28,960,540
181,7390590300.mp4,2.28,960,540
182,11469243925.mp4,2.28,960,540
183,8507613491.mp4,2.28,960,540
184,8440795977.mp4,2.28,960,540
185,3533765114.mp4,2.28,960,540
186,6329730783.mp4,2.28,960,540
187,5009379117.mp4,2.2996,960,540
188,8478531549.mp4,2.3,960,540
189,5266882983.mp4,2.3,960,540
190,5777975441.mp4,2.3,960,540
191,5412442677.mp4,2.3,960,540
192,3318634083.mp4,2.3,960,540
193,4629711727.mp4,2.3,960,540
194,10127250986.mp4,2.3,960,540
195,5869559051.mp4,2.3,960,540
196,10201521555.mp4,2.3,960,540
197,10404182556.mp4,2.32,960,540
198,7175971942.mp4,2.32,960,540
199,4773686738.mp4,2.32,960,540
200,8632107216.mp4,2.32,960,540
201,5133219451.mp4,2.32,960,540
202,8304230962.mp4,2.32,960,540
203,7287459080.mp4,2.32,960,540
204,6270222640.mp4,2.32,960,540
205,4970919913.mp4,2.32,960,540
206,7550224002.mp4,2.34,960,540
207,4258186896.mp4,2.34,960,540
208,12387439244.mp4,2.34,960,540
209,3763235915.mp4,2.3439,960,540
210,8635322862.mp4,2.36,960,540
211,5107749210.mp4,2.36,960,540
212,4506003922.mp4,2.36,960,540
213,9717753449.mp4,2.36,960,540
214,5790468384.mp4,2.36,960,540
215,8591330227.mp4,2.36,960,540
216,7722155622.mp4,2.36,960,540
217,8415984918.mp4,2.38,960,540
218,5865474554.mp4,2.38,960,540
219,4472493392.mp4,2.38,960,540
220,6497857295.mp4,2.38,960,540
221,3504083604.mp4,2.38,960,540
222,7517202292.mp4,2.38,960,540
223,8140107150.mp4,2.4,960,540
224,5020714258.mp4,2.4,960,540
225,5424989067.mp4,2.4,960,540
226,5850199057.mp4,2.4,960,540
227,4095112467.mp4,2.4,960,540
228,8281880253.mp4,2.4,960,540
229,8933125503.mp4,2.4,960,540
230,7136906983.mp4,2.4,960,540
231,7897750494.mp4,2.4,960,540
232,6096480589.mp4,2.4,960,540
233,6917745987.mp4,2.4,960,540
234,6469679863.mp4,2.4,960,540
235,12099271596.mp4,2.4,960,540
236,5858312093.mp4,2.4,960,540
237,3343535739.mp4,2.4,960,540
238,11359714186.mp4,2.4,960,540
239,3339387387.mp4,2.42,960,540
240,5415012877.mp4,2.42,960,540
241,4866009712.mp4,2.42,960,540
242,8092884510.mp4,2.42,960,540
243,7495255120.mp4,2.42,960,540
244,5392736832.mp4,2.42,960,540
245,5268797415.mp4,2.44,960,540
246,5914119796.mp4,2.44,960,540
247,7547384258.mp4,2.44,960,540
248,3561516939.mp4,2.44,960,540
249,8532196494.mp4,2.46,960,540
250,10785115855.mp4,2.46,960,540
251,5119193300.mp4,2.46,960,540
252,4897814885.mp4,2.46,960,540
253,7708735292.mp4,2.46,960,540
254,5668545266.mp4,2.46,960,540
255,5564209652.mp4,2.46,960,540
256,5346134105.mp4,2.46,960,540
257,8039356416.mp4,2.46,960,540
258,6422437813.mp4,2.46,960,540
259,5550087163.mp4,2.46,960,540
260,8317937019.mp4,2.48,960,540
261,3744752110.mp4,2.48,960,540
262,8731237129.mp4,2.48,960,540
263,8013211059.mp4,2.48,960,540
264,5858864133.mp4,2.48,960,540
265,5319413177.mp4,2.48,960,540
266,7177427229.mp4,2.48,960,540
267,5941894437.mp4,2.48,960,540
268,6340146486.mp4,2.48,960,540
269,4871910775.mp4,2.48,960,540
270,8699104416.mp4,2.48,960,540
271,12439507093.mp4,2.5,960,540
272,5493602442.mp4,2.5,960,540
273,8675766145.mp4,2.5,960,540
274,12952440214.mp4,2.5,960,540
275,9298912586.mp4,2.5,960,540
276,6015938306.mp4,2.5,960,540
277,5072411175.mp4,2.5,960,540
278,5620430600.mp4,2.5,960,540
279,6812062788.mp4,2.52,960,540
280,7938991482.mp4,2.52,960,540
281,5636445745.mp4,2.52,960,540
282,4889669313.mp4,2.52,960,540
283,6294328198.mp4,2.52,960,540
284,4159445902.mp4,2.52,960,540
285,10411421606.mp4,2.52,960,540
286,5004709068.mp4,2.52,960,540
287,5960200024.mp4,2.52,960,540
288,5621374631.mp4,2.52,960,540
289,5644303578.mp4,2.54,960,540
290,8583146942.mp4,2.54,960,540
291,8604343265.mp4,2.54,960,540
292,6024650797.mp4,2.54,960,540
293,4270576961.mp4,2.54,960,540
294,5409101281.mp4,2.54,960,540
295,6724048499.mp4,2.56,960,540
296,7819697028.mp4,2.56,960,540
297,6223104346.mp4,2.56,960,540
298,5266562897.mp4,2.56,960,540
299,4642004278.mp4,2.56,960,540
300,4996677282.mp4,2.56,960,540
301,4573314147.mp4,2.56,960,540
302,9651230522.mp4,2.56,960,540
303,6215542986.mp4,2.58,960,540
304,8217524401.mp4,2.58,960,540
305,10238939436.mp4,2.58,960,540
306,12031712185.mp4,2.58,960,540
307,9524637688.mp4,2.58,960,540
308,3591184129.mp4,2.58,960,540
309,6929069239.mp4,2.58,960,540
310,5805360253.mp4,2.58,960,540
311,4573266245.mp4,2.58,960,540
312,5147152978.mp4,2.5976,960,540
313,6838572151.mp4,2.6,960,540
314,6346933640.mp4,2.6,960,540
315,6971905222.mp4,2.6,960,540
316,6096558457.mp4,2.6,960,540
317,5222599467.mp4,2.6,960,540
318,8078333220.mp4,2.6,960,540
319,7383232724.mp4,2.6,960,540
320,7151780093.mp4,2.6,960,540
321,5369095478.mp4,2.6,960,540
322,11435365925.mp4,2.6,960,540
323,8078127133.mp4,2.6189,960,540
324,8667333526.mp4,2.62,960,540
325,6280406572.mp4,2.62,960,540
326,10406095776.mp4,2.62,960,540
327,6073473868.mp4,2.62,960,540
328,12032110574.mp4,2.64,960,540
329,7959542546.mp4,2.64,960,540
330,4565232312.mp4,2.64,960,540
331,4836718842.mp4,2.64,960,540
332,6296962313.mp4,2.64,960,540
333,5110540070.mp4,2.64,960,540
334,8319369964.mp4,2.64,960,540
335,6343817087.mp4,2.64,960,540
336,5694745216.mp4,2.66,960,540
337,6208528782.mp4,2.66,960,540
338,6059786344.mp4,2.66,960,540
339,5827345790.mp4,2.66,960,540
340,7616950966.mp4,2.66,960,540
341,8235549337.mp4,2.66,960,540
342,11925275803.mp4,2.66,960,540
343,13291575674.mp4,2.66,960,540
344,8230249635.mp4,2.66,960,540
345,5418971855.mp4,2.68,960,540
346,11425159465.mp4,2.68,960,540
347,5203755303.mp4,2.68,960,540
348,5111411754.mp4,2.68,960,540
349,6868246166.mp4,2.68,960,540
350,3861648412.mp4,2.68,960,540
351,8689455432.mp4,2.68,960,540
352,4626131441.mp4,2.68,960,540
353,5162398156.mp4,2.68,960,540
354,9387089233.mp4,2.68,960,540
355,6554989029.mp4,2.68,960,540
356,5880475570.mp4,2.6957,960,540
357,6982428911.mp4,2.7,960,540
358,9248029519.mp4,2.7,960,540
359,8215074237.mp4,2.7,960,540
360,8729448612.mp4,2.7,960,540
361,4783174196.mp4,2.7,960,540
362,3590551873.mp4,2.7,960,540
363,11367153336.mp4,2.7,960,540
364,5893880541.mp4,2.7,960,540
365,7734563104.mp4,2.7,960,540
366,7005111650.mp4,2.72,960,540
367,8586743266.mp4,2.72,960,540
368,6864942042.mp4,2.72,960,540
369,4477789338.mp4,2.72,960,540
370,6924551254.mp4,2.72,960,540
371,5295005655.mp4,2.72,960,540
372,8531461869.mp4,2.72,960,540
373,6867937233.mp4,2.72,960,540
374,6111574885.mp4,2.74,960,540
375,7361913318.mp4,2.74,960,540
376,5901642116.mp4,2.74,960,540
377,4211514567.mp4,2.74,960,540
378,5012335397.mp4,2.74,960,540
379,9494995600.mp4,2.74,960,540
380,7173586391.mp4,2.74,960,540
381,5754220740.mp4,2.74,960,540
382,8459254855.mp4,2.74,960,540
383,8479364057.mp4,2.74,960,540
384,5263261013.mp4,2.74,960,540
385,3878700690.mp4,2.74,960,540
386,6058824138.mp4,2.74,960,540
387,7820483368.mp4,2.76,960,540
388,8002170390.mp4,2.76,960,540
389,5322533709.mp4,2.76,960,540
390,6178882861.mp4,2.76,960,540
391,7879889838.mp4,2.76,960,540
392,7812985864.mp4,2.76,960,540
393,5118641893.mp4,2.76,960,540
394,6324422954.mp4,2.76,960,540
395,9382662040.mp4,2.76,960,540
396,7344072960.mp4,2.7699,960,540
397,6061346837.mp4,2.78,960,540
398,8403451337.mp4,2.78,960,540
399,11057110163.mp4,2.78,960,540
400,6210062524.mp4,2.78,960,540
401,6879288904.mp4,2.78,960,540
402,8728910927.mp4,2.78,960,540
403,7633708420.mp4,2.78,960,540
404,7192436890.mp4,2.78,960,540
405,5003283158.mp4,2.78,960,540
406,8909265380.mp4,2.78,960,540
407,7532463480.mp4,2.7928,960,540
408,3469529939.mp4,2.8,960,540
409,7068941889.mp4,2.8,960,540
410,8182593817.mp4,2.8,960,540
411,4956521693.mp4,2.8,960,540
412,6874423527.mp4,2.82,960,540
413,5149271412.mp4,2.82,960,540
414,7556185878.mp4,2.82,960,540
415,4734666961.mp4,2.82,960,540
416,7734422826.mp4,2.82,960,540
417,6135877141.mp4,2.82,960,540
418,5609569195.mp4,2.82,960,540
419,4901210888.mp4,2.82,960,540
420,6916420878.mp4,2.84,960,540
421,10691750555.mp4,2.84,960,540
422,8366966088.mp4,2.84,960,540
423,6320892865.mp4,2.84,960,540
424,3583315023.mp4,2.84,960,540
425,5379210063.mp4,2.84,960,540
426,8396734122.mp4,2.84,960,540
427,12816958564.mp4,2.84,960,540
428,4299787720.mp4,2.8498,960,540
429,8098521993.mp4,2.86,960,540
430,3930579113.mp4,2.86,960,540
431,6092433561.mp4,2.86,960,540
432,7117529219.mp4,2.86,960,540
433,7005478889.mp4,2.86,960,540
434,4297535685.mp4,2.86,960,540
435,12912266335.mp4,2.86,960,540
436,7246583832.mp4,2.86,960,540
437,5653702857.mp4,2.86,960,540
438,5668795950.mp4,2.86,960,540
439,6062892973.mp4,2.86,960,540
440,10128248563.mp4,2.86,960,540
441,10500520233.mp4,2.86,960,540
442,4033322131.mp4,2.86,960,540
443,9083519636.mp4,2.86,960,540
444,8842319020.mp4,2.86,960,540
445,7381539666.mp4,2.86,960,540
446,4367069947.mp4,2.88,960,540
447,9812197286.mp4,2.88,960,540
448,6065207696.mp4,2.88,960,540
449,5561000398.mp4,2.88,960,540
450,5490599661.mp4,2.88,960,540
451,5170915466.mp4,2.88,960,540
452,5311187352.mp4,2.88,960,540
453,12923454185.mp4,2.88,960,540
454,10521676086.mp4,2.88,960,540
455,6812860936.mp4,2.88,960,540
456,7122092993.mp4,2.88,960,540
457,3179649855.mp4,2.88,960,540
458,3781419322.mp4,2.8979,960,540
459,4971091773.mp4,2.9,960,540
460,4236199952.mp4,2.9,960,540
461,5649370618.mp4,2.9,960,540
462,9144368303.mp4,2.9,960,540
463,5823644068.mp4,2.9,960,540
464,3715429501.mp4,2.9,960,540
465,12186470506.mp4,2.9,960,540
466,5988574543.mp4,2.9,960,540
467,7141804343.mp4,2.9,960,540
468,8132161360.mp4,2.9,960,540
469,5999732346.mp4,2.9,960,540
470,5469530975.mp4,2.9,960,540
471,6849945228.mp4,2.918,960,540
472,7395710342.mp4,2.92,960,540
473,12633847193.mp4,2.92,960,540
474,6408210773.mp4,2.92,960,540
475,4453069241.mp4,2.92,960,540
476,4465669054.mp4,2.92,960,540
477,3710887216.mp4,2.92,960,540
478,3218223446.mp4,2.92,960,540
479,6694501209.mp4,2.92,960,540
480,7208119980.mp4,2.9339,960,540
481,7556474634.mp4,2.94,960,540
482,4932309592.mp4,2.94,960,540
483,5204063512.mp4,2.94,960,540
484,6830500351.mp4,2.94,960,540
485,12758594775.mp4,2.94,960,540
486,6638842709.mp4,2.94,960,540
487,8223463984.mp4,2.94,960,540
488,8563986596.mp4,2.94,960,540
489,5559135240.mp4,2.94,960,540
490,4020832533.mp4,2.9486,960,540
491,9908050493.mp4,2.96,960,540
492,4286406568.mp4,2.96,960,540
493,7897815844.mp4,2.96,960,540
494,3357588876.mp4,2.96,960,540
495,4870064087.mp4,2.96,960,540
496,10016324794.mp4,2.96,960,540
497,8299847304.mp4,2.96,960,540
498,6804829908.mp4,2.96,960,540
499,5698463243.mp4,2.96,960,540
500,6775766604.mp4,2.96,960,540
501,11913590004.mp4,2.96,960,540
502,4956991827.mp4,2.98,960,540
503,8151400613.mp4,2.98,960,540
504,8007634384.mp4,2.98,960,540
505,7402519316.mp4,2.98,960,540
506,12274927193.mp4,2.98,960,540
507,8688311915.mp4,2.98,960,540
508,7681404078.mp4,2.98,960,540
509,6858182534.mp4,2.98,960,540
510,5169144673.mp4,2.98,960,540
511,9425570317.mp4,3.0,960,540
512,5786034294.mp4,3.0,960,540
513,8976267501.mp4,3.0,960,540
514,12044525214.mp4,3.0,960,540
515,10838546955.mp4,3.0,960,540
516,5218188823.mp4,3.0,960,540
517,4723346787.mp4,3.0,960,540
518,5996750151.mp4,3.0,960,540
519,5737374844.mp4,3.0,960,540
520,5622498540.mp4,3.0,960,540
521,6281135899.mp4,3.0,960,540
522,4771991539.mp4,3.0,960,540
523,5440091902.mp4,3.0,960,540
524,4414516665.mp4,3.02,960,540
525,5479646341.mp4,3.02,960,540
526,7526781566.mp4,3.02,960,540
527,6971497024.mp4,3.02,960,540
528,7542896986.mp4,3.02,960,540
529,9098899158.mp4,3.02,960,540
530,8072548302.mp4,3.02,960,540
531,5717841095.mp4,3.02,960,540
532,4335304419.mp4,3.02,960,540
533,6953979425.mp4,3.02,960,540
534,8331470149.mp4,3.02,960,540
535,7453163014.mp4,3.02,960,540
536,9089204842.mp4,3.02,960,540
537,6021794037.mp4,3.02,960,540
538,4615948555.mp4,3.02,960,540
539,6518466029.mp4,3.02,960,540
540,5329960963.mp4,3.04,960,540
541,3263720175.mp4,3.04,960,540
542,6959318659.mp4,3.04,960,540
543,5633788395.mp4,3.04,960,540
544,7548330816.mp4,3.04,960,540
545,10838718774.mp4,3.04,960,540
546,7969995368.mp4,3.04,960,540
547,3321308714.mp4,3.04,960,540
548,9459232387.mp4,3.04,960,540
549,6671136435.mp4,3.04,960,540
550,3904711682.mp4,3.04,960,540
551,5218123691.mp4,3.04,960,540
552,5972627544.mp4,3.04,960,540
553,4383007820.mp4,3.06,960,540
554,8005708131.mp4,3.06,960,540
555,5458000924.mp4,3.06,960,540
556,4850105788.mp4,3.06,960,540
557,3431305644.mp4,3.06,960,540
558,5815295661.mp4,3.06,960,540
559,8124951690.mp4,3.06,960,540
560,6060761361.mp4,3.06,960,540
561,6181812275.mp4,3.06,960,540
562,4876943348.mp4,3.06,960,540
563,11403577283.mp4,3.06,960,540
564,9766188655.mp4,3.06,960,540
565,5260933475.mp4,3.08,960,540
566,3617102785.mp4,3.08,960,540
567,5223525504.mp4,3.08,960,540
568,6867926575.mp4,3.08,960,540
569,8253260683.mp4,3.08,960,540
570,6104508040.mp4,3.08,960,540
571,6250048696.mp4,3.08,960,540
572,10116604143.mp4,3.08,960,540
573,3359662128.mp4,3.08,960,540
574,8565847545.mp4,3.08,960,540
575,5115193359.mp4,3.08,960,540
576,4867899444.mp4,3.08,960,540
577,8733102851.mp4,3.08,960,540
578,4761429801.mp4,3.08,960,540
579,4969714039.mp4,3.08,960,540
580,4491961485.mp4,3.08,960,540
581,6338210961.mp4,3.08,960,540
582,6439107119.mp4,3.08,960,540
583,7693986854.mp4,3.1,960,540
584,3015973424.mp4,3.1,960,540
585,5250183455.mp4,3.1,960,540
586,6696625151.mp4,3.1,960,540
587,8039435442.mp4,3.1,960,540
588,4593126957.mp4,3.1,960,540
589,5143368697.mp4,3.1,960,540
590,12626612584.mp4,3.1,960,540
591,12899309364.mp4,3.1,960,540
592,5974403907.mp4,3.1,960,540
593,10609570083.mp4,3.1,960,540
594,9093682547.mp4,3.1,960,540
595,10602272313.mp4,3.1,960,540
596,7520968610.mp4,3.1,960,540
597,6948249567.mp4,3.1,960,540
598,5590704113.mp4,3.12,960,540
599,8129160337.mp4,3.12,960,540
600,10208239954.mp4,3.12,960,540
601,6932519097.mp4,3.12,960,540
602,6047579133.mp4,3.12,960,540
603,10804894696.mp4,3.12,960,540
604,5706858082.mp4,3.12,960,540
605,4864754515.mp4,3.12,960,540
606,3425371223.mp4,3.12,960,540
607,13255378043.mp4,3.12,960,540
608,6582418637.mp4,3.12,960,540
609,13042523904.mp4,3.12,960,540
610,8056761129.mp4,3.12,960,540
611,4809572333.mp4,3.12,960,540
612,5176278265.mp4,3.12,960,540
613,8536800170.mp4,3.12,960,540
614,6527804569.mp4,3.12,960,540
615,3664548641.mp4,3.1216,960,540
616,5589046662.mp4,3.1345,960,540
617,8156543755.mp4,3.14,960,540
618,4202404174.mp4,3.14,960,540
619,4979493912.mp4,3.14,960,540
620,8266961231.mp4,3.14,960,540
621,8152764264.mp4,3.14,960,540
622,5987864177.mp4,3.14,960,540
623,10864372176.mp4,3.14,960,540
624,6109922367.mp4,3.14,960,540
625,8281263977.mp4,3.14,960,540
626,3699539878.mp4,3.14,960,540
627,4582086726.mp4,3.14,960,540
628,6021943274.mp4,3.14,960,540
629,3240926995.mp4,3.1484,960,540
630,3589925544.mp4,3.16,960,540
631,8254380270.mp4,3.16,960,540
632,8670600555.mp4,3.16,960,540
633,7341359052.mp4,3.16,960,540
634,11944451643.mp4,3.16,960,540
635,6191735552.mp4,3.16,960,540
636,5467704373.mp4,3.16,960,540
637,8435518163.mp4,3.16,960,540
638,6100104774.mp4,3.16,960,540
639,6571028091.mp4,3.16,960,540
640,9536307250.mp4,3.16,960,540
641,7591242800.mp4,3.16,960,540
642,4652600104.mp4,3.16,960,540
643,8148981356.mp4,3.16,960,540
644,9195826668.mp4,3.16,960,540
645,5618829039.mp4,3.16,960,540
646,5246827285.mp4,3.16,960,540
647,4067736860.mp4,3.16,960,540
648,6995540661.mp4,3.18,960,540
649,12965735905.mp4,3.18,960,540
650,5723108521.mp4,3.18,960,540
651,5214650735.mp4,3.18,960,540
652,5075205526.mp4,3.18,960,540
653,6333567508.mp4,3.18,960,540
654,5040855662.mp4,3.18,960,540
655,6868110990.mp4,3.18,960,540
656,8467238180.mp4,3.18,960,540
657,4406917423.mp4,3.18,960,540
658,4922109288.mp4,3.2,960,540
659,9085955167.mp4,3.2,960,540
660,6669111911.mp4,3.2,960,540
661,8986658663.mp4,3.2,960,540
662,6273360207.mp4,3.2,960,540
663,8486027818.mp4,3.2,960,540
664,4843048363.mp4,3.2,960,540
665,5066571585.mp4,3.2,960,540
666,7481217984.mp4,3.2,960,540
667,4281880002.mp4,3.2,960,540
668,3482706595.mp4,3.2,960,540
669,13276560083.mp4,3.2,960,540
670,5360118581.mp4,3.2,960,540
671,4136131472.mp4,3.2,960,540
672,10314276135.mp4,3.22,960,540
673,8717841410.mp4,3.22,960,540
674,5356092090.mp4,3.22,960,540
675,8643275693.mp4,3.22,960,540
676,4842303128.mp4,3.22,960,540
677,8240363350.mp4,3.22,960,540
678,5879908897.mp4,3.22,960,540
679,5026138416.mp4,3.22,960,540
680,4542323058.mp4,3.22,960,540
681,6210381577.mp4,3.22,960,540
682,5900513019.mp4,3.2317,960,540
683,4987165854.mp4,3.24,960,540
684,4557456762.mp4,3.24,960,540
685,5921571324.mp4,3.24,960,540
686,11902527296.mp4,3.24,960,540
687,6935410837.mp4,3.24,960,540
688,8772282000.mp4,3.24,960,540
689,8207372644.mp4,3.24,960,540
690,12682619933.mp4,3.24,960,540
691,10533906564.mp4,3.24,960,540
692,12989512873.mp4,3.24,960,540
693,6894958520.mp4,3.24,960,540
694,6760172457.mp4,3.24,960,540
695,10408715786.mp4,3.2537,960,540
696,7123482247.mp4,3.2581,960,540
697,5539585646.mp4,3.26,960,540
698,6868748154.mp4,3.26,960,540
699,4981160522.mp4,3.26,960,540
700,10655599784.mp4,3.26,960,540
701,6660107279.mp4,3.26,960,540
702,8193379879.mp4,3.26,960,540
703,12788630734.mp4,3.26,960,540
704,6408909511.mp4,3.26,960,540
705,4323977167.mp4,3.26,960,540
706,12330492194.mp4,3.26,960,540
707,6381011947.mp4,3.26,960,540
708,5005236579.mp4,3.26,960,540
709,9675032717.mp4,3.26,960,540
710,5010279097.mp4,3.2689,960,540
711,9726323401.mp4,3.272,960,540
712,7547764246.mp4,3.28,960,540
713,11086166076.mp4,3.28,960,540
714,5206708965.mp4,3.28,960,540
715,8298917863.mp4,3.28,960,540
716,12816380173.mp4,3.28,960,540
717,6444142351.mp4,3.28,960,540
718,5030830413.mp4,3.28,960,540
719,6937597827.mp4,3.28,960,540
720,9086621277.mp4,3.28,960,540
721,4184711791.mp4,3.28,960,540
722,5127033299.mp4,3.28,960,540
723,5995204968.mp4,3.28,960,540
724,4729578673.mp4,3.28,960,540
725,8541047953.mp4,3.28,960,540
726,5512609909.mp4,3.3,960,540
727,8322973249.mp4,3.3,960,540
728,7700672030.mp4,3.3,960,540
729,8031519344.mp4,3.3,960,540
730,7548202460.mp4,3.3,960,540
731,6680559525.mp4,3.3,960,540
732,6865667129.mp4,3.3,960,540
733,9659398278.mp4,3.3,960,540
734,7834396986.mp4,3.3,960,540
735,6291796040.mp4,3.3,960,540
736,4391946048.mp4,3.3,960,540
737,5318369391.mp4,3.3,960,540
738,4573734018.mp4,3.3,960,540
739,8387302863.mp4,3.3,960,540
740,6981897920.mp4,3.3,960,540
741,6079632868.mp4,3.3,960,540
742,5672502803.mp4,3.3,960,540
743,12836715003.mp4,3.3,960,540
744,11082897705.mp4,3.3,960,540
745,3337642103.mp4,3.3086,960,540
746,5023426388.mp4,3.32,960,540
747,6866970306.mp4,3.32,960,540
748,4945025836.mp4,3.32,960,540
749,5579073175.mp4,3.32,960,540
750,8069868772.mp4,3.32,960,540
751,6041834062.mp4,3.32,960,540
752,10340094005.mp4,3.32,960,540
753,5825661459.mp4,3.32,960,540
754,8967888670.mp4,3.32,960,540
755,5101801222.mp4,3.32,960,540
756,11673027224.mp4,3.32,960,540
757,6471207533.mp4,3.32,960,540
758,4265466447.mp4,3.32,960,540
759,4260295122.mp4,3.32,960,540
760,6304997355.mp4,3.34,960,540
761,11971608074.mp4,3.34,960,540
762,8522230898.mp4,3.34,960,540
763,5912268467.mp4,3.34,960,540
764,4337949901.mp4,3.34,960,540
765,9209826160.mp4,3.34,960,540
766,9586935224.mp4,3.34,960,540
767,5621520605.mp4,3.34,960,540
768,4526948676.mp4,3.34,960,540
769,10838934973.mp4,3.34,960,540
770,9434801897.mp4,3.34,960,540
771,5455582932.mp4,3.3523,960,540
772,8236900278.mp4,3.36,960,540
773,5769119862.mp4,3.36,960,540
774,5641862023.mp4,3.36,960,540
775,6490001399.mp4,3.36,960,540
776,9737640625.mp4,3.36,960,540
777,6012598017.mp4,3.36,960,540
778,12020933633.mp4,3.36,960,540
779,7760313026.mp4,3.36,960,540
780,8548046708.mp4,3.36,960,540
781,6416687735.mp4,3.36,960,540
782,5363205423.mp4,3.36,960,540
783,4931493432.mp4,3.36,960,540
784,6157684615.mp4,3.36,960,540
785,6811275923.mp4,3.36,960,540
786,12276570315.mp4,3.3652,960,540
787,5541058845.mp4,3.38,960,540
788,5526460224.mp4,3.38,960,540
789,5611452609.mp4,3.38,960,540
790,8716622241.mp4,3.38,960,540
791,3699089579.mp4,3.38,960,540
792,9317770917.mp4,3.38,960,540
793,7541374876.mp4,3.38,960,540
794,6004183559.mp4,3.38,960,540
795,5130906896.mp4,3.38,960,540
796,5245445672.mp4,3.38,960,540
797,3810054574.mp4,3.38,960,540
798,8424428827.mp4,3.38,960,540
799,6319757818.mp4,3.38,960,540
800,8484812859.mp4,3.38,960,540
801,6242642418.mp4,3.3984,960,540
802,6794539977.mp4,3.4,960,540
803,6226852017.mp4,3.4,960,540
804,12823937005.mp4,3.4,960,540
805,6300501644.mp4,3.4,960,540
806,5902098420.mp4,3.4,960,540
807,4289215378.mp4,3.4,960,540
808,7146539585.mp4,3.4,960,540
809,9277742312.mp4,3.4,960,540
810,10124821225.mp4,3.4,960,540
811,6350328925.mp4,3.4,960,540
812,10249998364.mp4,3.4,960,540
813,8380926104.mp4,3.4,960,540
814,8097209231.mp4,3.4,960,540
815,7664727482.mp4,3.4,960,540
816,11617643563.mp4,3.4,960,540
817,6792594754.mp4,3.4,960,540
818,11920895013.mp4,3.42,960,540
819,8455309721.mp4,3.42,960,540
820,5947649803.mp4,3.42,960,540
821,9969637164.mp4,3.42,960,540
822,6621826551.mp4,3.42,960,540
823,7198246948.mp4,3.42,960,540
824,9732912473.mp4,3.42,960,540
825,5911601461.mp4,3.42,960,540
826,4328729913.mp4,3.42,960,540
827,4877128768.mp4,3.42,960,540
828,8178490084.mp4,3.42,960,540
829,10270536464.mp4,3.42,960,540
830,6648629457.mp4,3.42,960,540
831,9633125766.mp4,3.42,960,540
832,8267321210.mp4,3.42,960,540
833,4088281204.mp4,3.4378,960,540
834,5357123491.mp4,3.44,960,540
835,3627681183.mp4,3.44,960,540
836,7622034108.mp4,3.44,960,540
837,6411380421.mp4,3.44,960,540
838,12143576166.mp4,3.44,960,540
839,3825035703.mp4,3.44,960,540
840,5920289173.mp4,3.44,960,540
841,8026448058.mp4,3.44,960,540
842,2999049224.mp4,3.44,960,540
843,4801560427.mp4,3.44,960,540
844,4743183444.mp4,3.44,960,540
845,7521145978.mp4,3.44,960,540
846,6946901845.mp4,3.46,960,540
847,4736973814.mp4,3.46,960,540
848,7054450817.mp4,3.46,960,540
849,8918155991.mp4,3.46,960,540
850,7425861358.mp4,3.46,960,540
851,6340576433.mp4,3.46,960,540
852,10053703034.mp4,3.46,960,540
853,4801224837.mp4,3.46,960,540
854,5956380805.mp4,3.46,960,540
855,4763574191.mp4,3.4692,960,540
856,5273433233.mp4,3.48,960,540
857,4733600732.mp4,3.48,960,540
858,8921577578.mp4,3.48,960,540
859,8646170532.mp4,3.48,960,540
860,7287123594.mp4,3.48,960,540
861,8495275628.mp4,3.48,960,540
862,6095633507.mp4,3.48,960,540
863,4161747134.mp4,3.48,960,540
864,4751595925.mp4,3.48,960,540
865,3629928686.mp4,3.48,960,540
866,13196703974.mp4,3.48,960,540
867,7012065923.mp4,3.48,960,540
868,6215522900.mp4,3.48,960,540
869,5052341075.mp4,3.48,960,540
870,7892371292.mp4,3.48,960,540
871,8084631711.mp4,3.48,960,540
872,6849313907.mp4,3.48,960,540
873,5032172516.mp4,3.48,960,540
874,5354932311.mp4,3.4803,960,540
875,5564650233.mp4,3.4843,960,540
876,4281436885.mp4,3.4943,960,540
877,5845660280.mp4,3.5,960,540
878,5379891328.mp4,3.5,960,540
879,6272702003.mp4,3.5,960,540
880,8491617830.mp4,3.5,960,540
881,4942462682.mp4,3.5,960,540
882,5079146602.mp4,3.5,960,540
883,6279406877.mp4,3.5,960,540
884,3437816776.mp4,3.5,960,540
885,6907839104.mp4,3.5,960,540
886,7236880666.mp4,3.5,960,540
887,4567868868.mp4,3.5,960,540
888,6722692103.mp4,3.5,960,540
889,12412571563.mp4,3.5,960,540
890,12277706754.mp4,3.5,960,540
891,3459287580.mp4,3.5,960,540
892,8408744905.mp4,3.5,960,540
893,5459565205.mp4,3.52,960,540
894,8664958871.mp4,3.52,960,540
895,4620516469.mp4,3.52,960,540
896,5465225347.mp4,3.52,960,540
897,4642629203.mp4,3.52,960,540
898,7585780552.mp4,3.52,960,540
899,6809728071.mp4,3.52,960,540
900,5307981340.mp4,3.52,960,540
901,5028474013.mp4,3.52,960,540
902,4373113207.mp4,3.52,960,540
903,5882410880.mp4,3.52,960,540
904,5583994811.mp4,3.5292,960,540
905,3521396571.mp4,3.54,960,540
906,5941263615.mp4,3.54,960,540
907,8487362151.mp4,3.54,960,540
908,3860907449.mp4,3.54,960,540
909,4837816091.mp4,3.54,960,540
910,6716265511.mp4,3.54,960,540
911,7360639566.mp4,3.54,960,540
912,6368379561.mp4,3.54,960,540
913,7057951213.mp4,3.54,960,540
914,8616015387.mp4,3.54,960,540
915,8587203405.mp4,3.54,960,540
916,8201673711.mp4,3.54,960,540
917,5215773911.mp4,3.54,960,540
918,3488252741.mp4,3.54,960,540
919,12893008605.mp4,3.5547,960,540
920,8886176135.mp4,3.56,960,540
921,9586728257.mp4,3.56,960,540
922,8229018279.mp4,3.56,960,540
923,5690367902.mp4,3.56,960,540
924,11803329033.mp4,3.56,960,540
925,8957212602.mp4,3.56,960,540
926,3647017501.mp4,3.56,960,540
927,5914289359.mp4,3.56,960,540
928,13036222674.mp4,3.56,960,540
929,4397381332.mp4,3.56,960,540
930,9830655414.mp4,3.56,960,540
931,5678628993.mp4,3.5672,960,540
932,3722785424.mp4,3.5714,960,540
933,8476574247.mp4,3.58,960,540
934,5140332158.mp4,3.58,960,540
935,5816132223.mp4,3.58,960,540
936,9363436148.mp4,3.58,960,540
937,7935377214.mp4,3.58,960,540
938,8552723245.mp4,3.58,960,540
939,8147563408.mp4,3.58,960,540
940,7986004475.mp4,3.58,960,540
941,10657154643.mp4,3.58,960,540
942,9725289895.mp4,3.58,960,540
943,6249802707.mp4,3.58,960,540
944,8610122536.mp4,3.58,960,540
945,6300963347.mp4,3.58,960,540
946,12382276334.mp4,3.5869,960,540
947,5003956763.mp4,3.5985,960,540
948,12893918213.mp4,3.5992,960,540
949,12088104156.mp4,3.6,960,540
950,9521557660.mp4,3.6,960,540
951,3611217365.mp4,3.6,960,540
952,13286356624.mp4,3.6,960,540
953,5067647428.mp4,3.6,960,540
954,8965205906.mp4,3.6,960,540
955,7703064692.mp4,3.6,960,540
956,7358630018.mp4,3.6,960,540
957,6106291030.mp4,3.6,960,540
958,8589300397.mp4,3.6,960,540
959,7198853624.mp4,3.6,960,540
960,3516162818.mp4,3.6,960,540
961,4375496636.mp4,3.6,960,540
962,3860380907.mp4,3.6,960,540
963,7500126174.mp4,3.6,960,540
964,5516081814.mp4,3.6,960,540
965,5029525594.mp4,3.6,960,540
966,8355599976.mp4,3.62,960,540
967,6694553789.mp4,3.62,960,540
968,6932589551.mp4,3.62,960,540
969,5693366090.mp4,3.62,960,540
970,4484771725.mp4,3.62,960,540
971,6107338487.mp4,3.62,960,540
972,3948863216.mp4,3.62,960,540
973,6625655725.mp4,3.62,960,540
974,5011231037.mp4,3.622,960,540
975,10931366544.mp4,3.64,960,540
976,7396603710.mp4,3.64,960,540
977,8717647202.mp4,3.64,960,540
978,7992241767.mp4,3.64,960,540
979,8069880437.mp4,3.64,960,540
980,5082292308.mp4,3.64,960,540
981,13154058393.mp4,3.64,960,540
982,8195185860.mp4,3.64,960,540
983,3546788918.mp4,3.64,960,540
984,5632758635.mp4,3.64,960,540
985,5263204150.mp4,3.64,960,540
986,8955950667.mp4,3.66,960,540
987,8683385786.mp4,3.66,960,540
988,3718963712.mp4,3.66,960,540
989,9802042845.mp4,3.66,960,540
990,5596033251.mp4,3.66,960,540
991,4161940753.mp4,3.66,960,540
992,4227960041.mp4,3.66,960,540
993,8631895364.mp4,3.66,960,540
994,8510251919.mp4,3.66,960,540
995,3588022983.mp4,3.66,960,540
996,8741017589.mp4,3.6765,960,540
997,8252040986.mp4,3.68,960,540
998,8915047035.mp4,3.68,960,540
999,6027407703.mp4,3.68,960,540
1000,12623549414.mp4,3.68,960,540
1001,5831807090.mp4,3.68,960,540
1002,8088901520.mp4,3.68,960,540
1003,10115791113.mp4,3.68,960,540
1004,7313643370.mp4,3.68,960,540
1005,6867862287.mp4,3.68,960,540
1006,6293871635.mp4,3.68,960,540
1007,10403478556.mp4,3.68,960,540
1008,5739175520.mp4,3.68,960,540
1009,6514514177.mp4,3.68,960,540
1010,6847647728.mp4,3.68,960,540
1011,13079468475.mp4,3.68,960,540
1012,5341444640.mp4,3.68,960,540
1013,4283455837.mp4,3.68,960,540
1014,3459410764.mp4,3.6929,960,540
1015,10019485755.mp4,3.7,960,540
1016,4712606231.mp4,3.7,960,540
1017,6598948831.mp4,3.7,960,540
1018,11646665363.mp4,3.7,960,540
1019,8730797431.mp4,3.7,960,540
1020,5756899543.mp4,3.7,960,540
1021,5340069287.mp4,3.7,960,540
1022,4673672619.mp4,3.7,960,540
1023,4363644898.mp4,3.7,960,540
1024,10837320963.mp4,3.7,960,540
1025,8931854960.mp4,3.7,960,540
1026,7849542524.mp4,3.7,960,540
1027,9478631712.mp4,3.7063,960,540
1028,12859019173.mp4,3.72,960,540
1029,6844033217.mp4,3.72,960,540
1030,4201416279.mp4,3.72,960,540
1031,12279842993.mp4,3.72,960,540
1032,6677269327.mp4,3.72,960,540
1033,4980230630.mp4,3.72,960,540
1034,6373417661.mp4,3.72,960,540
1035,3975461732.mp4,3.72,960,540
1036,8429349812.mp4,3.72,960,540
1037,6772996477.mp4,3.72,960,540
1038,8773297527.mp4,3.72,960,540
1039,3819966572.mp4,3.72,960,540
1040,8442879599.mp4,3.74,960,540
1041,9812351333.mp4,3.74,960,540
1042,8480588816.mp4,3.74,960,540
1043,8587384006.mp4,3.74,960,540
1044,5212573386.mp4,3.74,960,540
1045,5705527370.mp4,3.74,960,540
1046,7983610133.mp4,3.74,960,540
1047,8494495600.mp4,3.74,960,540
1048,7383994638.mp4,3.74,960,540
1049,9258419063.mp4,3.74,960,540
1050,10013374164.mp4,3.74,960,540
1051,10541657773.mp4,3.74,960,540
1052,7274180028.mp4,3.76,960,540
1053,4313579496.mp4,3.76,960,540
1054,8118947664.mp4,3.76,960,540
1055,11013388203.mp4,3.76,960,540
1056,8331282929.mp4,3.76,960,540
1057,11816978255.mp4,3.76,960,540
1058,7667993154.mp4,3.76,960,540
1059,6416725133.mp4,3.76,960,540
1060,6806699713.mp4,3.76,960,540
1061,9515797648.mp4,3.78,960,540
1062,5688399126.mp4,3.78,960,540
1063,4975471705.mp4,3.78,960,540
1064,7644822866.mp4,3.78,960,540
1065,4297792287.mp4,3.78,960,540
1066,5770178686.mp4,3.78,960,540
1067,6313200205.mp4,3.78,960,540
1068,3358799122.mp4,3.7857,960,540
1069,8995404511.mp4,3.7982,960,540
1070,10027007645.mp4,3.8,960,540
1071,9095814754.mp4,3.8,960,540
1072,5338017301.mp4,3.8,960,540
1073,7066660513.mp4,3.8,960,540
1074,9513714022.mp4,3.8,960,540
1075,7954124226.mp4,3.8,960,540
1076,9390723258.mp4,3.8,960,540
1077,8738388681.mp4,3.8,960,540
1078,8679156964.mp4,3.8,960,540
1079,8646141367.mp4,3.8,960,540
1080,3489123822.mp4,3.8,960,540
1081,6538025379.mp4,3.8,960,540
1082,9740517228.mp4,3.8,960,540
1083,9542585542.mp4,3.82,960,540
1084,3747645672.mp4,3.82,960,540
1085,9617144245.mp4,3.82,960,540
1086,8431144343.mp4,3.82,960,540
1087,6971190423.mp4,3.82,960,540
1088,4029116553.mp4,3.82,960,540
1089,6313769652.mp4,3.82,960,540
1090,5660712402.mp4,3.82,960,540
1091,4803433208.mp4,3.8235,960,540
1092,9680817388.mp4,3.84,960,540
1093,9753414792.mp4,3.84,960,540
1094,6798366426.mp4,3.84,960,540
1095,9724431856.mp4,3.84,960,540
1096,5360605734.mp4,3.84,960,540
1097,8331955206.mp4,3.84,960,540
1098,5917982116.mp4,3.84,960,540
1099,9267867823.mp4,3.84,960,540
1100,5831253770.mp4,3.84,960,540
1101,4482595368.mp4,3.86,960,540
1102,5154464760.mp4,3.86,960,540
1103,8991258489.mp4,3.86,960,540
1104,4279268661.mp4,3.86,960,540
1105,5280283886.mp4,3.86,960,540
1106,9525693928.mp4,3.86,960,540
1107,5669052182.mp4,3.8798,960,540
1108,12465909365.mp4,3.88,960,540
1109,9583034514.mp4,3.88,960,540
1110,12101500915.mp4,3.88,960,540
1111,8588854353.mp4,3.88,960,540
1112,5279319629.mp4,3.88,960,540
1113,4713503488.mp4,3.88,960,540
1114,10636855406.mp4,3.88,960,540
1115,8953002659.mp4,3.9,960,540
1116,4495254692.mp4,3.9,960,540
1117,11864752706.mp4,3.9,960,540
1118,8937776831.mp4,3.9,960,540
1119,4545845826.mp4,3.9,960,540
1120,4417558772.mp4,3.9,960,540
1121,12704590184.mp4,3.9,960,540
1122,8414555471.mp4,3.9,960,540
1123,8751856572.mp4,3.9,960,540
1124,5562932712.mp4,3.9,960,540
1125,6492110563.mp4,3.92,960,540
1126,5487345956.mp4,3.92,960,540
1127,8052505414.mp4,3.92,960,540
1128,5875944717.mp4,3.92,960,540
1129,8440192357.mp4,3.92,960,540
1130,6949440526.mp4,3.92,960,540
1131,7832506570.mp4,3.92,960,540
1132,11383768246.mp4,3.92,960,540
1133,7197025396.mp4,3.92,960,540
1134,7385692814.mp4,3.92,960,540
1135,8172276744.mp4,3.92,960,540
1136,8859509880.mp4,3.94,960,540
1137,4655662252.mp4,3.94,960,540
1138,7029270875.mp4,3.94,960,540
1139,10149337843.mp4,3.94,960,540
1140,11535683914.mp4,3.94,960,540
1141,11465976586.mp4,3.94,960,540
1142,6528988807.mp4,3.9449,960,540
1143,12255205254.mp4,3.96,960,540
1144,8420230247.mp4,3.96,960,540
1145,7977126554.mp4,3.96,960,540
1146,8182527128.mp4,3.96,960,540
1147,4800261002.mp4,3.98,960,540
1148,4273096444.mp4,3.98,960,540
1149,9464591256.mp4,3.98,960,540
1150,4549036485.mp4,3.9925,960,540
1151,12123666684.mp4,4.0,960,540
1152,6914710581.mp4,4.0,960,540
1153,6137257339.mp4,4.02,960,540
1154,8701032421.mp4,4.02,960,540
1155,4329911079.mp4,4.02,960,540
1156,3863745355.mp4,4.02,960,540
1157,3963620197.mp4,4.02,960,540
1158,9709640314.mp4,4.02,960,540
1159,3369925072.mp4,4.02,960,540
1160,8667534666.mp4,4.02,960,540
1161,12378508014.mp4,4.0356,960,540
1162,9513903384.mp4,4.04,960,540
1163,5489207006.mp4,4.04,960,540
1164,9917916796.mp4,4.04,960,540
1165,6900620920.mp4,4.04,960,540
1166,9480678073.mp4,4.04,960,540
1167,5477809421.mp4,4.04,960,540
1168,9060241382.mp4,4.04,960,540
1169,7177696763.mp4,4.06,960,540
1170,10008004183.mp4,4.06,960,540
1171,11540616946.mp4,4.08,960,540
1172,9633321480.mp4,4.08,960,540
1173,3407992311.mp4,4.08,960,540
1174,13288073854.mp4,4.1,960,540
1175,5355837503.mp4,4.1,960,540
1176,6913535960.mp4,4.1063,960,540
1177,5893119747.mp4,4.12,960,540
1178,11618284403.mp4,4.12,960,540
1179,4779773181.mp4,4.14,960,540
1180,10283826203.mp4,4.14,960,540
1181,10244479353.mp4,4.14,960,540
1182,10595581344.mp4,4.14,960,540
1183,8286421427.mp4,4.14,960,540
1184,5391431291.mp4,4.1519,960,540
1185,6787309364.mp4,4.16,960,540
1186,4675931801.mp4,4.16,960,540
1187,6947112934.mp4,4.18,960,540
1188,12355531285.mp4,4.22,960,540
1189,12379836133.mp4,4.24,960,540
1190,12262452854.mp4,4.24,960,540
1191,8562619627.mp4,4.26,960,540
1192,9571377943.mp4,4.28,960,540
1193,8758952624.mp4,4.3,960,540
1194,8657921837.mp4,4.3,960,540
1195,7518773518.mp4,4.32,960,540
1196,8751538577.mp4,4.4,960,540
1197,6076608135.mp4,4.4,960,540
1198,8171831850.mp4,4.444,960,540
1199,3339962845.mp4,4.64,960,540
